city,latitude,longitude,forecast_time,temperature,humidity,precipitation,precipitation_probability,pressure,cloud_cover,wind_speed,loaded_at
Dublin,53.3498,-6.2603,2026-05-21T00:00,14.7,75,0.1,43,1017.9,100,9.0,2026-05-21 01:57:33.427480
Dublin,53.3498,-6.2603,2026-05-21T01:00,13.6,92,0.5,61,1017.6,100,8.3,2026-05-21 01:57:33.427487
Dublin,53.3498,-6.2603,2026-05-21T02:00,13.8,93,1.4,69,1017.3,100,5.0,2026-05-21 01:57:33.427489
Dublin,53.3498,-6.2603,2026-05-21T03:00,13.7,93,0.2,71,1017.0,100,3.2,2026-05-21 01:57:33.427491
Dublin,53.3498,-6.2603,2026-05-21T04:00,14.6,90,0.0,67,1017.0,100,12.2,2026-05-21 01:57:33.427492
Dublin,53.3498,-6.2603,2026-05-21T05:00,14.8,88,0.1,51,1017.5,95,18.0,2026-05-21 01:57:33.427494
Dublin,53.3498,-6.2603,2026-05-21T06:00,14.8,88,0.0,28,1017.9,100,19.8,2026-05-21 01:57:33.427495
Dublin,53.3498,-6.2603,2026-05-21T07:00,14.9,87,0.0,12,1018.4,100,15.5,2026-05-21 01:57:33.427497
Dublin,53.3498,-6.2603,2026-05-21T08:00,15.4,83,0.0,8,1018.7,100,16.2,2026-05-21 01:57:33.427498
Dublin,53.3498,-6.2603,2026-05-21T09:00,15.6,81,0.0,11,1019.3,100,17.3,2026-05-21 01:57:33.427499
Dublin,53.3498,-6.2603,2026-05-21T10:00,16.5,78,0.0,14,1019.5,100,15.8,2026-05-21 01:57:33.427501
Dublin,53.3498,-6.2603,2026-05-21T11:00,17.3,74,0.0,16,1019.7,100,17.3,2026-05-21 01:57:33.427502
Dublin,53.3498,-6.2603,2026-05-21T12:00,17.4,74,0.0,19,1020.0,100,17.6,2026-05-21 01:57:33.427503
Dublin,53.3498,-6.2603,2026-05-21T13:00,18.3,70,0.0,25,1020.2,100,16.6,2026-05-21 01:57:33.427505
Dublin,53.3498,-6.2603,2026-05-21T14:00,18.3,72,0.0,39,1020.4,100,14.0,2026-05-21 01:57:33.427510
Dublin,53.3498,-6.2603,2026-05-21T15:00,18.4,72,0.0,56,1020.5,100,13.3,2026-05-21 01:57:33.427511
Dublin,53.3498,-6.2603,2026-05-21T16:00,18.4,68,0.1,65,1020.6,100,13.3,2026-05-21 01:57:33.427513
Dublin,53.3498,-6.2603,2026-05-21T17:00,18.7,60,0.1,60,1020.2,100,11.2,2026-05-21 01:57:33.427514
Dublin,53.3498,-6.2603,2026-05-21T18:00,18.2,62,0.1,48,1019.8,100,8.3,2026-05-21 01:57:33.427515
Dublin,53.3498,-6.2603,2026-05-21T19:00,18.0,66,0.0,37,1019.5,99,12.6,2026-05-21 01:57:33.427517
Dublin,53.3498,-6.2603,2026-05-21T20:00,17.7,62,0.0,32,1019.1,0,16.9,2026-05-21 01:57:33.427518
Dublin,53.3498,-6.2603,2026-05-21T21:00,16.5,63,0.0,28,1019.3,16,14.4,2026-05-21 01:57:33.427519
Dublin,53.3498,-6.2603,2026-05-21T22:00,16.3,63,0.0,24,1019.2,100,12.6,2026-05-21 01:57:33.427520
Dublin,53.3498,-6.2603,2026-05-21T23:00,16.3,62,0.0,19,1019.2,100,14.8,2026-05-21 01:57:33.427522
Cork,51.8985,-8.4756,2026-05-21T00:00,13.5,98,1.6,100,1017.5,100,18.0,2026-05-21 01:57:33.577678
Cork,51.8985,-8.4756,2026-05-21T01:00,13.5,98,0.2,98,1017.6,100,14.4,2026-05-21 01:57:33.577686
Cork,51.8985,-8.4756,2026-05-21T02:00,13.4,99,1.3,79,1017.7,100,13.0,2026-05-21 01:57:33.577689
Cork,51.8985,-8.4756,2026-05-21T03:00,13.4,99,0.0,52,1017.9,100,15.1,2026-05-21 01:57:33.577699
Cork,51.8985,-8.4756,2026-05-21T04:00,13.3,99,0.1,31,1018.0,100,14.4,2026-05-21 01:57:33.577701
Cork,51.8985,-8.4756,2026-05-21T05:00,13.3,98,0.2,21,1018.5,100,14.8,2026-05-21 01:57:33.577703
Cork,51.8985,-8.4756,2026-05-21T06:00,13.2,99,0.1,16,1018.7,100,15.8,2026-05-21 01:57:33.577705
Cork,51.8985,-8.4756,2026-05-21T07:00,13.3,98,0.2,16,1019.2,100,15.8,2026-05-21 01:57:33.577707
Cork,51.8985,-8.4756,2026-05-21T08:00,13.4,98,0.2,21,1019.6,100,13.3,2026-05-21 01:57:33.577709
Cork,51.8985,-8.4756,2026-05-21T09:00,13.4,98,0.5,30,1019.9,100,13.7,2026-05-21 01:57:33.577712
Cork,51.8985,-8.4756,2026-05-21T10:00,13.4,99,0.3,43,1019.9,100,14.4,2026-05-21 01:57:33.577714
Cork,51.8985,-8.4756,2026-05-21T11:00,13.6,99,0.1,63,1019.8,100,13.7,2026-05-21 01:57:33.577716
Cork,51.8985,-8.4756,2026-05-21T12:00,14.2,97,0.4,87,1019.8,100,13.7,2026-05-21 01:57:33.577719
Cork,51.8985,-8.4756,2026-05-21T13:00,14.5,96,0.4,100,1020.2,100,14.8,2026-05-21 01:57:33.577721
Cork,51.8985,-8.4756,2026-05-21T14:00,14.5,94,0.2,96,1020.2,100,15.5,2026-05-21 01:57:33.577723
Cork,51.8985,-8.4756,2026-05-21T15:00,15.5,86,0.1,83,1019.8,100,16.9,2026-05-21 01:57:33.577725
Cork,51.8985,-8.4756,2026-05-21T16:00,15.7,84,0.2,67,1019.3,100,16.6,2026-05-21 01:57:33.577727
Cork,51.8985,-8.4756,2026-05-21T17:00,16.5,73,0.0,47,1018.6,2,19.4,2026-05-21 01:57:33.577729
Cork,51.8985,-8.4756,2026-05-21T18:00,16.0,74,0.0,25,1018.1,75,20.9,2026-05-21 01:57:33.577731
Cork,51.8985,-8.4756,2026-05-21T19:00,15.0,78,0.0,14,1017.6,100,21.6,2026-05-21 01:57:33.577733
Cork,51.8985,-8.4756,2026-05-21T20:00,14.2,83,0.0,24,1017.4,100,19.4,2026-05-21 01:57:33.577735
Cork,51.8985,-8.4756,2026-05-21T21:00,13.9,88,0.0,45,1017.5,100,16.6,2026-05-21 01:57:33.577737
Cork,51.8985,-8.4756,2026-05-21T22:00,13.6,91,0.0,55,1017.8,100,14.0,2026-05-21 01:57:33.577740
Cork,51.8985,-8.4756,2026-05-21T23:00,13.4,94,0.0,43,1017.7,100,12.2,2026-05-21 01:57:33.577742
Galway,53.2707,-9.0568,2026-05-21T00:00,13.4,95,2.1,93,1014.7,100,14.8,2026-05-21 01:57:33.729738
Galway,53.2707,-9.0568,2026-05-21T01:00,13.6,93,0.0,98,1014.7,100,14.8,2026-05-21 01:57:33.729744
Galway,53.2707,-9.0568,2026-05-21T02:00,13.5,96,0.7,86,1014.6,100,15.1,2026-05-21 01:57:33.729746
Galway,53.2707,-9.0568,2026-05-21T03:00,14.1,94,0.3,63,1014.8,100,16.6,2026-05-21 01:57:33.729747
Galway,53.2707,-9.0568,2026-05-21T04:00,14.1,93,0.0,43,1015.1,100,13.0,2026-05-21 01:57:33.729748
Galway,53.2707,-9.0568,2026-05-21T05:00,13.9,95,0.0,31,1015.5,100,12.6,2026-05-21 01:57:33.729750
Galway,53.2707,-9.0568,2026-05-21T06:00,14.0,94,0.0,21,1015.9,100,14.4,2026-05-21 01:57:33.729753
Galway,53.2707,-9.0568,2026-05-21T07:00,13.7,96,0.1,14,1016.3,100,13.0,2026-05-21 01:57:33.729754
Galway,53.2707,-9.0568,2026-05-21T08:00,14.0,94,0.0,8,1016.7,100,13.7,2026-05-21 01:57:33.729755
Galway,53.2707,-9.0568,2026-05-21T09:00,14.1,95,0.1,4,1017.0,100,13.3,2026-05-21 01:57:33.729756
Galway,53.2707,-9.0568,2026-05-21T10:00,14.6,91,0.0,8,1017.2,100,11.9,2026-05-21 01:57:33.729757
Galway,53.2707,-9.0568,2026-05-21T11:00,15.2,89,0.0,26,1017.2,100,13.3,2026-05-21 01:57:33.729758
Galway,53.2707,-9.0568,2026-05-21T12:00,15.3,89,0.0,52,1017.3,100,10.4,2026-05-21 01:57:33.729759
Galway,53.2707,-9.0568,2026-05-21T13:00,15.9,87,0.0,73,1017.3,100,10.1,2026-05-21 01:57:33.729760
Galway,53.2707,-9.0568,2026-05-21T14:00,16.5,83,0.0,87,1017.3,100,12.2,2026-05-21 01:57:33.729761
Galway,53.2707,-9.0568,2026-05-21T15:00,16.9,81,0.0,97,1017.2,100,17.6,2026-05-21 01:57:33.729762
Galway,53.2707,-9.0568,2026-05-21T16:00,16.0,90,0.4,100,1017.1,100,15.1,2026-05-21 01:57:33.729763
Galway,53.2707,-9.0568,2026-05-21T17:00,16.2,84,0.3,92,1016.8,100,10.1,2026-05-21 01:57:33.729764
Galway,53.2707,-9.0568,2026-05-21T18:00,17.3,72,0.1,77,1015.7,40,20.9,2026-05-21 01:57:33.729765
Galway,53.2707,-9.0568,2026-05-21T19:00,17.5,67,0.0,65,1015.2,20,22.7,2026-05-21 01:57:33.729766
Galway,53.2707,-9.0568,2026-05-21T20:00,16.8,68,0.0,61,1015.2,100,25.6,2026-05-21 01:57:33.729767
Galway,53.2707,-9.0568,2026-05-21T21:00,15.6,76,0.0,59,1015.3,100,22.7,2026-05-21 01:57:33.729768
Galway,53.2707,-9.0568,2026-05-21T22:00,14.5,83,0.0,53,1015.6,100,22.7,2026-05-21 01:57:33.729769
Galway,53.2707,-9.0568,2026-05-21T23:00,14.0,86,0.0,36,1015.6,100,19.8,2026-05-21 01:57:33.729770
Limerick,52.6638,-8.6267,2026-05-21T00:00,13.7,93,1.2,97,1015.9,100,12.6,2026-05-21 01:57:33.885412
Limerick,52.6638,-8.6267,2026-05-21T01:00,14.0,92,0.0,92,1016.0,100,14.8,2026-05-21 01:57:33.885421
Limerick,52.6638,-8.6267,2026-05-21T02:00,13.9,93,0.0,69,1016.1,100,14.4,2026-05-21 01:57:33.885424
Limerick,52.6638,-8.6267,2026-05-21T03:00,14.0,93,0.1,35,1016.3,100,13.0,2026-05-21 01:57:33.885426
Limerick,52.6638,-8.6267,2026-05-21T04:00,14.0,94,0.0,10,1016.5,100,14.8,2026-05-21 01:57:33.885428
Limerick,52.6638,-8.6267,2026-05-21T05:00,13.9,94,0.0,3,1016.7,100,16.2,2026-05-21 01:57:33.885431
Limerick,52.6638,-8.6267,2026-05-21T06:00,14.0,94,0.0,6,1017.0,100,14.8,2026-05-21 01:57:33.885434
Limerick,52.6638,-8.6267,2026-05-21T07:00,14.1,92,0.0,8,1017.6,100,15.5,2026-05-21 01:57:33.885436
Limerick,52.6638,-8.6267,2026-05-21T08:00,14.1,93,0.0,6,1018.1,100,15.8,2026-05-21 01:57:33.885438
Limerick,52.6638,-8.6267,2026-05-21T09:00,14.7,91,0.0,5,1018.3,100,14.0,2026-05-21 01:57:33.885440
Limerick,52.6638,-8.6267,2026-05-21T10:00,15.4,88,0.0,6,1018.2,100,14.8,2026-05-21 01:57:33.885442
Limerick,52.6638,-8.6267,2026-05-21T11:00,16.0,86,0.0,12,1018.2,100,16.9,2026-05-21 01:57:33.885444
Limerick,52.6638,-8.6267,2026-05-21T12:00,16.5,83,0.0,21,1018.4,100,17.3,2026-05-21 01:57:33.885446
Limerick,52.6638,-8.6267,2026-05-21T13:00,17.0,80,0.0,33,1018.6,100,19.8,2026-05-21 01:57:33.885448
Limerick,52.6638,-8.6267,2026-05-21T14:00,17.3,77,0.0,55,1018.6,100,20.9,2026-05-21 01:57:33.885450
Limerick,52.6638,-8.6267,2026-05-21T15:00,17.3,80,0.3,81,1018.5,100,17.3,2026-05-21 01:57:33.885452
Limerick,52.6638,-8.6267,2026-05-21T16:00,17.2,73,0.1,92,1018.1,100,16.6,2026-05-21 01:57:33.885454
Limerick,52.6638,-8.6267,2026-05-21T17:00,18.2,66,0.0,73,1017.4,95,20.2,2026-05-21 01:57:33.885456
Limerick,52.6638,-8.6267,2026-05-21T18:00,18.2,59,0.0,38,1016.6,10,25.2,2026-05-21 01:57:33.885458
Limerick,52.6638,-8.6267,2026-05-21T19:00,17.1,65,0.0,14,1016.6,94,20.9,2026-05-21 01:57:33.885460
Limerick,52.6638,-8.6267,2026-05-21T20:00,15.7,74,0.0,13,1016.8,100,19.1,2026-05-21 01:57:33.885462
Limerick,52.6638,-8.6267,2026-05-21T21:00,14.4,82,0.0,22,1016.8,100,19.4,2026-05-21 01:57:33.885465
Limerick,52.6638,-8.6267,2026-05-21T22:00,13.9,86,0.0,27,1016.9,100,18.4,2026-05-21 01:57:33.885467
Limerick,52.6638,-8.6267,2026-05-21T23:00,13.8,88,0.0,20,1016.7,99,15.5,2026-05-21 01:57:33.885470
Waterford,52.2593,-7.1101,2026-05-21T00:00,12.9,97,2.2,75,1018.4,100,19.8,2026-05-21 01:57:34.034292
Waterford,52.2593,-7.1101,2026-05-21T01:00,13.1,97,2.0,86,1018.4,100,20.9,2026-05-21 01:57:34.034302
Waterford,52.2593,-7.1101,2026-05-21T02:00,13.0,99,0.1,78,1018.5,100,21.2,2026-05-21 01:57:34.034305
Waterford,52.2593,-7.1101,2026-05-21T03:00,12.9,99,0.7,60,1018.5,100,19.4,2026-05-21 01:57:34.034307
Waterford,52.2593,-7.1101,2026-05-21T04:00,12.9,100,0.0,43,1019.1,100,16.9,2026-05-21 01:57:34.034310
Waterford,52.2593,-7.1101,2026-05-21T05:00,12.8,100,0.0,31,1019.3,100,19.8,2026-05-21 01:57:34.034312
Waterford,52.2593,-7.1101,2026-05-21T06:00,12.7,100,0.2,21,1020.0,100,16.6,2026-05-21 01:57:34.034314
Waterford,52.2593,-7.1101,2026-05-21T07:00,12.9,99,0.0,14,1020.2,100,16.6,2026-05-21 01:57:34.034316
Waterford,52.2593,-7.1101,2026-05-21T08:00,12.9,99,0.2,14,1020.6,100,18.0,2026-05-21 01:57:34.034318
Waterford,52.2593,-7.1101,2026-05-21T09:00,13.2,98,0.1,17,1020.8,100,17.3,2026-05-21 01:57:34.034320
Waterford,52.2593,-7.1101,2026-05-21T10:00,13.3,99,0.1,20,1020.8,100,18.4,2026-05-21 01:57:34.034322
Waterford,52.2593,-7.1101,2026-05-21T11:00,13.5,97,0.0,20,1020.8,100,19.8,2026-05-21 01:57:34.034324
Waterford,52.2593,-7.1101,2026-05-21T12:00,13.9,95,0.0,19,1020.9,100,22.0,2026-05-21 01:57:34.034326
Waterford,52.2593,-7.1101,2026-05-21T13:00,14.0,93,0.1,18,1021.4,100,19.4,2026-05-21 01:57:34.034329
Waterford,52.2593,-7.1101,2026-05-21T14:00,14.1,89,0.0,16,1021.7,100,19.1,2026-05-21 01:57:34.034331
Waterford,52.2593,-7.1101,2026-05-21T15:00,14.5,87,0.1,13,1021.8,100,18.7,2026-05-21 01:57:34.034334
Waterford,52.2593,-7.1101,2026-05-21T16:00,14.6,87,0.2,10,1021.3,100,15.5,2026-05-21 01:57:34.034336
Waterford,52.2593,-7.1101,2026-05-21T17:00,14.8,83,0.0,6,1020.4,62,15.1,2026-05-21 01:57:34.034338
Waterford,52.2593,-7.1101,2026-05-21T18:00,14.4,83,0.0,1,1020.5,93,16.6,2026-05-21 01:57:34.034340
Waterford,52.2593,-7.1101,2026-05-21T19:00,14.7,79,0.0,0,1020.0,32,17.6,2026-05-21 01:57:34.034342
Waterford,52.2593,-7.1101,2026-05-21T20:00,14.4,81,0.0,6,1019.4,49,17.3,2026-05-21 01:57:34.034344
Waterford,52.2593,-7.1101,2026-05-21T21:00,14.1,82,0.0,16,1019.3,98,15.1,2026-05-21 01:57:34.034346
Waterford,52.2593,-7.1101,2026-05-21T22:00,14.2,80,0.0,25,1019.4,100,16.6,2026-05-21 01:57:34.034348
Waterford,52.2593,-7.1101,2026-05-21T23:00,14.0,83,0.0,35,1019.0,100,19.1,2026-05-21 01:57:34.034350
Kilkenny,52.6541,-7.2448,2026-05-21T00:00,12.9,95,0.6,69,1017.5,100,16.6,2026-05-21 01:57:34.190735
Kilkenny,52.6541,-7.2448,2026-05-21T01:00,12.9,96,1.6,90,1017.5,100,14.8,2026-05-21 01:57:34.190747
Kilkenny,52.6541,-7.2448,2026-05-21T02:00,13.2,95,0.1,80,1017.7,100,13.3,2026-05-21 01:57:34.190749
Kilkenny,52.6541,-7.2448,2026-05-21T03:00,13.2,97,0.1,55,1017.5,100,12.6,2026-05-21 01:57:34.190752
Kilkenny,52.6541,-7.2448,2026-05-21T04:00,13.5,94,0.0,33,1017.9,100,11.9,2026-05-21 01:57:34.190754
Kilkenny,52.6541,-7.2448,2026-05-21T05:00,13.2,97,0.1,20,1018.4,100,10.1,2026-05-21 01:57:34.190756
Kilkenny,52.6541,-7.2448,2026-05-21T06:00,13.1,98,0.2,10,1018.8,100,12.2,2026-05-21 01:57:34.190758
Kilkenny,52.6541,-7.2448,2026-05-21T07:00,13.1,97,0.2,4,1019.1,100,13.7,2026-05-21 01:57:34.190761
Kilkenny,52.6541,-7.2448,2026-05-21T08:00,13.2,98,0.0,2,1019.6,100,14.0,2026-05-21 01:57:34.190763
Kilkenny,52.6541,-7.2448,2026-05-21T09:00,13.6,96,0.2,5,1019.8,100,19.1,2026-05-21 01:57:34.190766
Kilkenny,52.6541,-7.2448,2026-05-21T10:00,13.7,96,0.1,10,1019.7,100,18.7,2026-05-21 01:57:34.190768
Kilkenny,52.6541,-7.2448,2026-05-21T11:00,14.4,93,0.1,21,1019.6,100,16.6,2026-05-21 01:57:34.190770
Kilkenny,52.6541,-7.2448,2026-05-21T12:00,15.6,88,0.0,36,1020.0,100,15.1,2026-05-21 01:57:34.190772
Kilkenny,52.6541,-7.2448,2026-05-21T13:00,15.9,85,0.0,45,1020.3,100,18.7,2026-05-21 01:57:34.190775
Kilkenny,52.6541,-7.2448,2026-05-21T14:00,15.5,87,0.1,45,1020.6,100,20.2,2026-05-21 01:57:34.190782
Kilkenny,52.6541,-7.2448,2026-05-21T15:00,15.5,87,0.2,40,1020.6,100,19.1,2026-05-21 01:57:34.190784
Kilkenny,52.6541,-7.2448,2026-05-21T16:00,15.1,86,0.0,33,1020.2,100,16.6,2026-05-21 01:57:34.190786
Kilkenny,52.6541,-7.2448,2026-05-21T17:00,16.3,74,0.0,23,1019.6,100,16.6,2026-05-21 01:57:34.190788
Kilkenny,52.6541,-7.2448,2026-05-21T18:00,16.7,68,0.0,10,1019.3,0,22.0,2026-05-21 01:57:34.190790
Kilkenny,52.6541,-7.2448,2026-05-21T19:00,15.2,74,0.0,2,1019.4,14,20.2,2026-05-21 01:57:34.190792
Kilkenny,52.6541,-7.2448,2026-05-21T20:00,14.7,75,0.0,1,1019.0,47,18.0,2026-05-21 01:57:34.190794
Kilkenny,52.6541,-7.2448,2026-05-21T21:00,14.1,79,0.0,3,1019.0,100,15.5,2026-05-21 01:57:34.190796
Kilkenny,52.6541,-7.2448,2026-05-21T22:00,13.8,81,0.0,6,1018.8,100,14.0,2026-05-21 01:57:34.190798
Kilkenny,52.6541,-7.2448,2026-05-21T23:00,13.3,87,0.1,8,1018.6,100,13.0,2026-05-21 01:57:34.190800
Sligo,54.2766,-8.4761,2026-05-21T00:00,13.1,93,1.0,71,1014.7,100,14.8,2026-05-21 01:57:34.340697
Sligo,54.2766,-8.4761,2026-05-21T01:00,13.0,93,0.6,98,1013.8,100,22.3,2026-05-21 01:57:34.340705
Sligo,54.2766,-8.4761,2026-05-21T02:00,13.1,93,0.0,100,1013.9,100,14.8,2026-05-21 01:57:34.340707
Sligo,54.2766,-8.4761,2026-05-21T03:00,13.3,95,0.0,100,1013.4,100,16.2,2026-05-21 01:57:34.340709
Sligo,54.2766,-8.4761,2026-05-21T04:00,13.6,95,0.1,92,1013.6,100,17.6,2026-05-21 01:57:34.340711
Sligo,54.2766,-8.4761,2026-05-21T05:00,13.8,96,0.0,82,1014.4,100,15.8,2026-05-21 01:57:34.340712
Sligo,54.2766,-8.4761,2026-05-21T06:00,13.8,95,0.0,70,1014.8,100,17.6,2026-05-21 01:57:34.340714
Sligo,54.2766,-8.4761,2026-05-21T07:00,13.9,95,0.0,59,1015.3,99,18.7,2026-05-21 01:57:34.340715
Sligo,54.2766,-8.4761,2026-05-21T08:00,13.9,96,0.3,50,1015.8,100,15.5,2026-05-21 01:57:34.340717
Sligo,54.2766,-8.4761,2026-05-21T09:00,14.5,94,0.0,42,1016.1,100,15.5,2026-05-21 01:57:34.340718
Sligo,54.2766,-8.4761,2026-05-21T10:00,14.8,93,0.0,41,1016.5,100,16.6,2026-05-21 01:57:34.340720
Sligo,54.2766,-8.4761,2026-05-21T11:00,15.5,88,0.0,51,1016.7,100,17.6,2026-05-21 01:57:34.340721
Sligo,54.2766,-8.4761,2026-05-21T12:00,15.8,87,0.0,66,1017.0,98,15.5,2026-05-21 01:57:34.340723
Sligo,54.2766,-8.4761,2026-05-21T13:00,17.2,81,0.0,80,1017.0,98,16.9,2026-05-21 01:57:34.340724
Sligo,54.2766,-8.4761,2026-05-21T14:00,17.6,80,0.0,88,1016.9,100,19.1,2026-05-21 01:57:34.340726
Sligo,54.2766,-8.4761,2026-05-21T15:00,17.1,83,0.0,94,1017.0,100,18.7,2026-05-21 01:57:34.340727
Sligo,54.2766,-8.4761,2026-05-21T16:00,17.6,84,0.3,98,1016.7,100,19.4,2026-05-21 01:57:34.340729
Sligo,54.2766,-8.4761,2026-05-21T17:00,17.4,83,0.0,100,1016.4,100,18.0,2026-05-21 01:57:34.340730
Sligo,54.2766,-8.4761,2026-05-21T18:00,17.0,80,0.3,100,1016.5,100,17.6,2026-05-21 01:57:34.340732
Sligo,54.2766,-8.4761,2026-05-21T19:00,17.3,79,0.2,100,1015.8,95,13.0,2026-05-21 01:57:34.340733
Sligo,54.2766,-8.4761,2026-05-21T20:00,16.8,78,0.0,82,1015.3,32,19.4,2026-05-21 01:57:34.340735
Sligo,54.2766,-8.4761,2026-05-21T21:00,16.1,77,0.2,56,1015.2,100,18.4,2026-05-21 01:57:34.340737
Sligo,54.2766,-8.4761,2026-05-21T22:00,15.6,79,0.1,35,1015.4,100,20.2,2026-05-21 01:57:34.340738
Sligo,54.2766,-8.4761,2026-05-21T23:00,14.9,76,0.0,23,1015.6,92,23.8,2026-05-21 01:57:34.340740
Derry,54.9966,-7.3086,2026-05-21T00:00,13.2,84,0.0,12,1015.6,100,7.6,2026-05-21 01:57:34.493163
Derry,54.9966,-7.3086,2026-05-21T01:00,13.2,87,0.5,24,1015.4,100,9.4,2026-05-21 01:57:34.493172
Derry,54.9966,-7.3086,2026-05-21T02:00,13.1,89,0.6,48,1014.5,100,12.2,2026-05-21 01:57:34.493174
Derry,54.9966,-7.3086,2026-05-21T03:00,13.2,88,0.1,78,1013.9,100,11.2,2026-05-21 01:57:34.493176
Derry,54.9966,-7.3086,2026-05-21T04:00,13.3,90,0.0,96,1013.7,100,19.1,2026-05-21 01:57:34.493177
Derry,54.9966,-7.3086,2026-05-21T05:00,13.5,91,0.1,94,1013.7,100,17.6,2026-05-21 01:57:34.493180
Derry,54.9966,-7.3086,2026-05-21T06:00,13.9,91,0.2,81,1014.4,100,19.1,2026-05-21 01:57:34.493181
Derry,54.9966,-7.3086,2026-05-21T07:00,14.0,93,0.0,65,1014.9,100,16.6,2026-05-21 01:57:34.493183
Derry,54.9966,-7.3086,2026-05-21T08:00,14.5,92,0.0,45,1015.4,98,17.6,2026-05-21 01:57:34.493184
Derry,54.9966,-7.3086,2026-05-21T09:00,15.2,88,0.0,22,1015.9,99,16.6,2026-05-21 01:57:34.493186
Derry,54.9966,-7.3086,2026-05-21T10:00,14.7,93,0.1,8,1016.3,100,14.4,2026-05-21 01:57:34.493187
Derry,54.9966,-7.3086,2026-05-21T11:00,16.1,85,0.1,11,1016.5,77,18.7,2026-05-21 01:57:34.493189
Derry,54.9966,-7.3086,2026-05-21T12:00,16.5,83,0.0,23,1017.1,91,19.1,2026-05-21 01:57:34.493190
Derry,54.9966,-7.3086,2026-05-21T13:00,17.7,75,0.0,37,1017.3,98,19.4,2026-05-21 01:57:34.493192
Derry,54.9966,-7.3086,2026-05-21T14:00,18.0,74,0.0,52,1017.4,97,17.6,2026-05-21 01:57:34.493193
Derry,54.9966,-7.3086,2026-05-21T15:00,18.8,70,0.0,70,1017.3,100,17.3,2026-05-21 01:57:34.493195
Derry,54.9966,-7.3086,2026-05-21T16:00,18.5,73,0.0,84,1017.2,100,17.3,2026-05-21 01:57:34.493196
Derry,54.9966,-7.3086,2026-05-21T17:00,17.1,86,0.2,95,1017.1,100,14.8,2026-05-21 01:57:34.493198
Derry,54.9966,-7.3086,2026-05-21T18:00,17.5,80,0.0,100,1016.8,100,20.2,2026-05-21 01:57:34.493199
Derry,54.9966,-7.3086,2026-05-21T19:00,17.5,77,0.0,100,1016.4,97,23.4,2026-05-21 01:57:34.493201
Derry,54.9966,-7.3086,2026-05-21T20:00,16.9,82,0.3,75,1016.5,100,19.1,2026-05-21 01:57:34.493202
Derry,54.9966,-7.3086,2026-05-21T21:00,16.1,78,0.0,38,1016.7,100,11.9,2026-05-21 01:57:34.493204
Derry,54.9966,-7.3086,2026-05-21T22:00,15.7,79,0.2,14,1016.6,100,13.7,2026-05-21 01:57:34.493205
Derry,54.9966,-7.3086,2026-05-21T23:00,15.4,76,0.0,18,1016.5,100,13.7,2026-05-21 01:57:34.493206
Athlone,53.4239,-7.9407,2026-05-21T00:00,13.0,94,1.3,74,1015.7,100,15.1,2026-05-21 01:57:34.641427
Athlone,53.4239,-7.9407,2026-05-21T01:00,13.1,95,1.6,96,1015.5,100,16.6,2026-05-21 01:57:34.641434
Athlone,53.4239,-7.9407,2026-05-21T02:00,13.3,94,0.0,93,1015.4,100,15.8,2026-05-21 01:57:34.641436
Athlone,53.4239,-7.9407,2026-05-21T03:00,13.5,95,0.1,77,1015.5,100,15.8,2026-05-21 01:57:34.641438
Athlone,53.4239,-7.9407,2026-05-21T04:00,13.7,95,0.0,59,1015.8,99,16.6,2026-05-21 01:57:34.641440
Athlone,53.4239,-7.9407,2026-05-21T05:00,13.9,94,0.0,40,1016.1,100,16.9,2026-05-21 01:57:34.641442
Athlone,53.4239,-7.9407,2026-05-21T06:00,13.9,94,0.0,19,1016.5,100,15.1,2026-05-21 01:57:34.641443
Athlone,53.4239,-7.9407,2026-05-21T07:00,14.0,94,0.0,4,1017.0,100,14.0,2026-05-21 01:57:34.641445
Athlone,53.4239,-7.9407,2026-05-21T08:00,13.8,96,0.3,0,1017.5,100,14.8,2026-05-21 01:57:34.641447
Athlone,53.4239,-7.9407,2026-05-21T09:00,14.6,91,0.1,0,1017.8,100,17.3,2026-05-21 01:57:34.641449
Athlone,53.4239,-7.9407,2026-05-21T10:00,15.3,89,0.0,4,1017.9,100,16.9,2026-05-21 01:57:34.641450
Athlone,53.4239,-7.9407,2026-05-21T11:00,16.2,84,0.0,8,1018.1,100,19.4,2026-05-21 01:57:34.641452
Athlone,53.4239,-7.9407,2026-05-21T12:00,17.4,78,0.0,13,1018.1,100,18.4,2026-05-21 01:57:34.641454
Athlone,53.4239,-7.9407,2026-05-21T13:00,17.2,79,0.0,25,1018.5,100,19.8,2026-05-21 01:57:34.641456
Athlone,53.4239,-7.9407,2026-05-21T14:00,17.6,78,0.0,50,1018.5,100,15.5,2026-05-21 01:57:34.641457
Athlone,53.4239,-7.9407,2026-05-21T15:00,17.6,77,0.0,80,1018.6,100,18.7,2026-05-21 01:57:34.641459
Athlone,53.4239,-7.9407,2026-05-21T16:00,16.9,85,0.3,98,1018.5,100,18.7,2026-05-21 01:57:34.641461
Athlone,53.4239,-7.9407,2026-05-21T17:00,16.7,83,0.4,91,1018.1,100,15.5,2026-05-21 01:57:34.641462
Athlone,53.4239,-7.9407,2026-05-21T18:00,17.1,73,0.1,70,1017.4,98,21.2,2026-05-21 01:57:34.641464
Athlone,53.4239,-7.9407,2026-05-21T19:00,17.5,67,0.0,53,1017.0,2,20.5,2026-05-21 01:57:34.641466
Athlone,53.4239,-7.9407,2026-05-21T20:00,17.3,67,0.0,46,1016.8,81,13.0,2026-05-21 01:57:34.641467
Athlone,53.4239,-7.9407,2026-05-21T21:00,15.2,72,0.0,42,1016.7,100,23.0,2026-05-21 01:57:34.641469
Athlone,53.4239,-7.9407,2026-05-21T22:00,14.4,76,0.0,37,1017.2,100,19.1,2026-05-21 01:57:34.641471
Athlone,53.4239,-7.9407,2026-05-21T23:00,13.8,82,0.0,28,1017.0,100,20.5,2026-05-21 01:57:34.641473
Killarney,52.0599,-9.5044,2026-05-21T00:00,13.7,97,0.6,100,1015.8,100,19.4,2026-05-21 01:57:34.791626
Killarney,52.0599,-9.5044,2026-05-21T01:00,13.7,96,1.6,100,1015.7,100,13.7,2026-05-21 01:57:34.791632
Killarney,52.0599,-9.5044,2026-05-21T02:00,13.8,96,0.6,86,1016.4,100,12.2,2026-05-21 01:57:34.791635
Killarney,52.0599,-9.5044,2026-05-21T03:00,13.5,97,0.1,68,1016.7,100,11.9,2026-05-21 01:57:34.791637
Killarney,52.0599,-9.5044,2026-05-21T04:00,13.5,98,1.1,57,1016.7,100,10.4,2026-05-21 01:57:34.791638
Killarney,52.0599,-9.5044,2026-05-21T05:00,13.6,96,0.5,60,1016.9,100,9.4,2026-05-21 01:57:34.791640
Killarney,52.0599,-9.5044,2026-05-21T06:00,13.6,97,0.1,71,1017.5,100,8.6,2026-05-21 01:57:34.791642
Killarney,52.0599,-9.5044,2026-05-21T07:00,13.7,96,0.2,78,1017.5,100,11.9,2026-05-21 01:57:34.791643
Killarney,52.0599,-9.5044,2026-05-21T08:00,13.9,95,0.3,77,1017.7,100,13.0,2026-05-21 01:57:34.791645
Killarney,52.0599,-9.5044,2026-05-21T09:00,14.2,93,0.0,73,1018.1,100,16.2,2026-05-21 01:57:34.791647
Killarney,52.0599,-9.5044,2026-05-21T10:00,14.7,92,0.0,73,1018.1,100,14.8,2026-05-21 01:57:34.791648
Killarney,52.0599,-9.5044,2026-05-21T11:00,14.8,93,0.0,81,1018.0,100,17.6,2026-05-21 01:57:34.791650
Killarney,52.0599,-9.5044,2026-05-21T12:00,14.9,91,0.0,92,1018.3,100,16.9,2026-05-21 01:57:34.791652
Killarney,52.0599,-9.5044,2026-05-21T13:00,15.4,88,0.0,100,1018.3,100,19.1,2026-05-21 01:57:34.791653
Killarney,52.0599,-9.5044,2026-05-21T14:00,14.9,86,0.8,100,1018.3,100,14.8,2026-05-21 01:57:34.791655
Killarney,52.0599,-9.5044,2026-05-21T15:00,16.5,80,0.1,100,1017.8,100,15.5,2026-05-21 01:57:34.791657
Killarney,52.0599,-9.5044,2026-05-21T16:00,16.2,78,0.0,96,1017.5,100,6.5,2026-05-21 01:57:34.791658
Killarney,52.0599,-9.5044,2026-05-21T17:00,15.7,79,0.0,90,1016.8,100,3.6,2026-05-21 01:57:34.791661
Killarney,52.0599,-9.5044,2026-05-21T18:00,15.0,82,0.0,81,1016.3,100,9.0,2026-05-21 01:57:34.791663
Killarney,52.0599,-9.5044,2026-05-21T19:00,13.8,90,0.1,71,1016.1,100,15.5,2026-05-21 01:57:34.791665
Killarney,52.0599,-9.5044,2026-05-21T20:00,13.6,93,0.0,58,1016.0,100,13.7,2026-05-21 01:57:34.791666
Killarney,52.0599,-9.5044,2026-05-21T21:00,13.4,94,0.0,43,1016.0,100,11.9,2026-05-21 01:57:34.791668
Killarney,52.0599,-9.5044,2026-05-21T22:00,13.5,93,0.0,31,1016.1,100,13.0,2026-05-21 01:57:34.791670
Killarney,52.0599,-9.5044,2026-05-21T23:00,13.3,96,0.0,24,1016.2,100,11.2,2026-05-21 01:57:34.791671
